FILE_ID,IS_FAMILY_MEMBER
e00a2d2274069ce42f6ae6ff0fa1e629,YES
ecda70d72a28c651c491c5ba07a74f2c,YES
106f4bb3d5c0598c8b6493d5330a83e8,YES
0a3fe90f08eb153243a3388c188ebf7e,NO
2d856cc4aa55fb31bb9276bfa87b929e,NO
1c3a0917b9c9808b1fb3230fa868b3a3,YES
e23b36f231a739efcd4d5fca02407bb9,NO
be9592f7bb031b6b9fa826d6ac1c189d,YES
780bb30dfd59bfd19b9e9d6c2ed966cf,YES
f5612c3e8adf05386d48164e6a89797e,YES
0a01285eee66b995ed71f8c9a634dfa1,YES
b125eb97819945d2d90ef4417e37ffcb,YES
2bbcf8fb8a21077dfe4cefd3394694b6,NO
d4d3fb5975ec43311571ef8b98a31eda,YES
59ba33d1ef7c83b7b3f587cb8cfaeccf,YES
af069fe57e6ccb133d9c348ccc5f1291,YES
63cf7f43fcf9754b8e6aeb3a23cddeaf,NO
b99f2e79854407d6ba3ebdeff8075b77,YES
6617c315111a61f68bc03815d1db3994,YES
e14a78b32c2643f6e6e1e13803f4d921,YES
1708b39a65836cbacb71ba5fdbd93f42,NO
bc695cf783ee00c2285b4d2897e1abbd,YES
b7f9acb0a0ea8557d44634fde105b92d,YES
e5af231826480cd2f27991ff1f02180d,YES
97a2bd2c7de67170a957943aeda61d65,NO
f58b879be617203cd42776b0ade53202,NO
0b152ab6d1ed819ea0c35eeee79fceb3,YES
85ee3dbc39b07f382b472b5282c17fce,NO
1e84cc35aca34a68a7a5b7e206490ca6,YES
71b1d0d02c7fb3a778bd00ea40ebe979,NO
550f9c3da19df3391db2e2f1b2d85e2f,YES
da3e2122a758f1c6b33f9bf64bb4c9ca,NO
6370bf373d698cf24c0bce368cd3e911,YES
4afe48e5887d632df8058ec3d680ee70,NO
193f68c406005068ae4fc326896fd971,NO
f585e686409765163bc5644108532abf,NO
941f2728f21e5e238d52d1e32c5190ba,NO
4650f6383f172cbb1003640d2f57c953,NO
f543d015a4f697d8c370da52d1578fa8,YES
e87f0b96433bd350041a561dc0624505,YES
a8086fa461190dc1f7dce40b8ab9a6fc,YES
fa64c852bda5f633ec695b800486f941,NO
660b864da5e50b5b4d6f2f52c1d644ce,YES
11ee6a9f116820e3b8344d0d4c21f44c,YES
6825d2bbb82cad57a012af1ca262e80a,YES
e745bf0c47b8ba15b979498a5456f196,YES
b8c5b25b600a3ccfbc3659de5fc43d3a,NO
54ad07b9a86badefaa60a40e29c3fba5,NO
95f1a8b84a7bc4152c903d4fa3965150,YES
8271b46d55295cf1a6d00379e2b2dcc4,YES
a611e81990e33a6012747c73d1dded8f,YES
436ee684b5a214a845ba9acadeb8aca1,NO
274e07dc2f408982547d51c01e419cad,YES
24af848988128364ad7e5828532b851a,YES
affd1a4f9d6b2496467acddffe70c154,YES
fa1b6c058f218e6d336255376842cf5d,YES
9ec8e2ac0e3a7842d0a1fe72305bb4ce,NO
4d735431ee6f1cda976301299e7c59a2,YES
2f9ccfc7d277c184a6547a86b952bd21,NO
11e435dc5c4b3f0f387e49f8c398a474,YES
8c3fa99ff267658b4be07331feac81ce,NO
6a7e0d9e808b32c13de96f76332cd836,NO
a0148838b14547a7a9c6fe33714a515e,YES
485879280f8c80224009f4051eb1b2e6,NO
d99a3dad582b27684f6f5b87171468f1,YES
bac4bdca36e754b5cbf0036bdfd02889,YES
799b611b5ad7639b6d2b9f74f3ff26ce,YES
40cd787646f174a505657c32b01aaa4e,YES
c66dd363d833c0c9c24a5628ceddbfcb,YES
93b57ccb75b78be802d0a291418fcd6f,YES
9375e0045d7cfb4567128c18a47184c9,YES
54ca61842f4d918d5a3b6969fbad44c0,YES
317aa9314883e6ef04597313ada350a1,NO
e454d820a5532c8f44fb3bf471b23679,NO
7b661236e2fd4c490737225cd4d7146f,YES
68e67de88888c9efe8c41d7b5197d89f,NO
568b8a9001bf56e2aa3be601254f8770,YES
71cc03cebc579ae7442b199a4bcf07e8,NO
9d0a97989238a9f0eef1ad1f1e441e61,YES
ba55a5b79aa2d8b2d80653cb232c7a1e,YES
8093eef6e22dc33132f4b65d32c7980f,NO
1ede03ce2c79f610af85955961681197,YES
2f4401e33124ab1fb306f45b95fc84ca,YES
e6039086b160806859050966e57508e6,NO
354aee9b73a9e721ec90392d29f1b3b9,YES
fca5055a24bba14f47487e844930122a,YES
db7700aa19f185e77be5ba3ba62b127d,YES
923438ecbb66b9e178ae56f8c642429b,YES
1dad9631ba4fffd6c1a7cc25f0251089,YES
193aef17dd47249f156fac2366edf5e3,NO
72f157d7e781e244a5ac4cd82f8dc069,YES
43463d62d42e5266a9c3092125388b25,YES
f8ac9020fb41c77cc846d2a9c2cf169f,NO
3776701639cd8db409578f82c6da9187,NO
f7ead45301ae7f168983b4f6bd0f3d8a,NO
064205af02e37b35a17762ae377d74b0,NO
b33141511f680536b2e68716d7a5a26e,YES
3b20dc45b8cb941e0d3de9337b023a65,YES
26065aa2c0fbefa03cd5e13312340c85,YES
103683a07ac484c31df69f638da1de74,YES
ae12d03c171141696680440a7c789443,YES
31bdcfbe513d6a9902b10918f400a787,YES
07cdca4a2f361143762d5973eb225e49,NO
c87efbdd8c3780d0946ffca003ecd1e5,NO
40b22968b1ad9512884aca7bc9141c1a,YES
96ae6b4fbf24a7c386deb2bf6726a429,YES
b4d5374139e480b07607222a7a2763fb,YES
4ecb961d9c74eb0261fccfe42ec3ba6f,YES
c43e61720612fdf1576c35eb1689c12c,YES
08df6918017bbf6759019f33ec307c17,NO
1e06568aff1d10e301b06a20ee0e5553,YES
a4ffe856d73dcc8baffb28ab2da49846,YES
046488b5b15a0b9bbe07ce6812807721,YES
0e664f79c2a7a9d50a2de892c09fbe53,YES
acd1aea086ec2031f85f2600f580fa19,NO
c4f6a08fba35bb4458047da359cb67aa,YES
924bff67aec188b14efe968c4f195370,YES
13742d2b9e8b0582efa8ec855d208c85,YES
09b20ba03a0ab4685cd087cc5ca39616,YES
56c877282c8d48f66023cb80dbd2efec,YES
38c1d349e3a398f91edd2750f3d1fe9e,NO
a1814489d195a49bc0d454b7a9469cd8,YES
58471dd60606a59298f7d7bfbccbb69c,NO
7cb08b4529d74b53c8cba26b25802647,YES
9860240dadb67a57068789c4402a1e1a,YES
634c8d1cb0ba76a42a56c824f2d957f6,NO
2593a2c9a6df971535c3c3b38c82280c,YES
d121ed10bc4dfc55264239f75416c996,YES
cb901690c4414bc5521b614debf7d01c,YES
00050efc80efb9bc7deaf3eb88efd957,YES
1946093d6c347c67126ef4f5424ae2f3,YES
96515d51d776f9bb4cfead40a5dda4ec,NO
02cac89f1ad0a84dcf6c52ec793555ff,YES
ac816ee8a9c9a547732d7751c095818d,YES
dda0870e8bc9601a47cf8453f23b8819,YES
185522a30eefdf2b4f1e4549fa544df3,YES
cc7ce91a7eb861568f85d20139cc8bc5,YES
18891e8e1889642c199165d472b38d27,NO
c01c7e6842a7eefbf006ab634ebb68ec,YES
2d43681691310f7a1793f9c28b37851a,YES
fdbada2f5663a5f6a0502b9309a850e4,YES
122570b7c61dbe392f91d4affb818358,YES
f9eb6e3ed2c490cc7f7aecddfe1d7aac,NO
f62d981b7f095759ed5633ee6efb5a83,NO
0454504e52822efb1c7e9f3fdeccc38e,NO
383014e3d531d0d6332b9c093c63aa31,YES
2454c6f485b4f262f6e935b3ac550439,YES
2e053fb9726d8405384080df15c74193,NO
cccef303fecda943af58d07ed45a277f,NO
142b7a53ff82db8eacf5d960f51d5695,NO
29487cea349927bf9c5c8f7b2566b58f,NO
b04e0ddb225fa382eef5e0d0202b4445,YES
ba25b460f8fbd8cfbf0c4dfe8847fc38,NO
42f97db979772db46f0e636719a18b7f,NO
cb84aa526d276face3e46741333ce5b1,NO
85191f9ece82099399c0d9683cf687c8,YES
3cebaff090f5df0a1be4495fd2697b06,NO
a8e3c2d33ee821af7b68f28c7fc153c9,NO
1a3bd1a3296127e6e01cf71ddd233f4c,YES
e33be8c30cca5d8e097f7d13926ec49c,YES
30dab1deb10080caf0db3b2abe35f1e5,YES
d124f312abdd17a83ae6635fc4a5c515,YES
90889094bdea3aabbce49c54e8d001d4,NO
3613b40166ce2a310a4b28f70fadb20c,NO
1c1c8d54cd195996fd5dc0a71f1ccfe5,YES
2b5997ed114d9e9bf1299ff9a239a5ec,NO
9076a1ad6162cc69b2150c9ca278b0a5,NO
9310d14f21b092464f54687a01d9dcad,NO
56be8bbcc07571887dc3d82900dc5516,NO
d9ac109852f77c5679894b8d901dda91,NO
a4612e2413b90b55d4c1d611f28b762b,YES
1a37fff8533aaf9af47f5988644590c8,NO
551d4361df1c9e784aac2fc1654fd2fc,NO
cbb6e986d4b3b95b663f59198b5618c6,YES
2e740bab9dccbe74d090440c088a40e0,YES
69e7f84383015bbdff2b840f127c1292,YES
23a11665de58be515fd0163ba3e53d82,YES
e1c37dd1cfb452748d2bb151b08c691b,NO
ffc016c358598eae2f19910df4753952,NO
985f2b628fe21f57d76569d21d1c950a,NO
fcf6a32ade1b82269c8e8716eeb734dc,YES
4b7af79736bfdb4ebf048caeb78776d0,NO
f7e8c6fd4eba533e723950fb3fc32a84,YES
b7213ee80ab87e0505d6c7c44d5747a2,YES
4385885ea02ef1dde2e0ae24247ec19d,YES
7ba9289b13a5721fbd3797cf96641ebb,YES
0b5103389cf2ee03094939a3beb914e2,NO
2c327e06eda57c20157d5a31ad410ecf,NO
57e44ecb733881440d632b4a68cab2d8,NO
82a64b95c292723cc4f0b260b38ed43d,YES
20c2a6b319ddb3c3f416bc1fcac2fc2d,YES
8aa1073ef279808139eafbcd109205ec,NO
b833640484077ae50c2f345975150aea,YES
f955e17032653015ffa6720c32fc5dbd,YES
1550b54102455c8d7391257dd8f049fb,YES
3b47c03bdcbf2b21bdbcf45db3788866,YES
07e466a17e5bd022cdcab8f152e956a3,YES
b8d78c23701c8c6db20cb92531170e08,NO
ac98254cb39d429336e7ebd7d1d3f084,YES
1055b239b8e0482eb9d8e511c0aea592,YES
9e4e80e999abfb0dde9394cfe1185d02,NO
63dfcaef6441d0da9e66b8eb7f341254,NO
ef515e0b064bf9cee805bbd240053192,YES
243c3a15f03e9225a54e5200a202fb84,NO
245ea78c1166695f28182f85b194e82e,YES
0aa8b31cc15aaed853afc2978d7afcee,YES
b0ea08ca55525d88a06e8825a2fc29c7,YES
4b79e867e64c4d6e452ebd05b58a3bd4,YES
3b1a4c5655260c38c0de67aa77e195fc,YES
27bb39cfc98c766f5b4cfeaa4901d670,NO
c7e978e36019e846f4ba5af7d73016a0,YES
0d7e2751264f122460415bc2e42c64e8,NO
5f0e7a23f32cb76d579eaac803fb9fdf,YES
10a38514016204007c628df6d6688013,YES
ededba274f8e7f76b6da79bce0a9b0f0,YES
6d2b9a4b6d8b5eca92bb48bbd8febb55,YES
bbf90677e81b916f8db9604948a9d20b,YES
1179b2a210006463a8d0f39ed619eb12,YES
c4a6954d8cc0b38fec56552d19ba1db5,YES
63df214a4d626a9323606f26295790dd,NO
610c64a80a2e85fb2f665b9faaf1e931,NO
c7fdcd30aa73d42624d681ceb62f2e6f,YES
46cb3e23d31a5ddfc2f2026351ed2eb0,YES
b05b4d4d34820d9d25db77d455bc4537,YES
ea3cec44b4c2b8520aab658fb05c57d9,YES
9e563fff8d13d7291a620d665b0eed08,NO
f2a0da535d97e5b426535888e91a7aa8,YES
cec99b8d7223940bfb1a0b7ecce846d9,NO
ea194d311afe68ae746529cf14d29147,YES
99fe54161581eb62a72b562be8b368df,NO
35af19b634ba8638da73ca1450d3b3b8,NO
a00ba15939b40a044e6c674cba3c92dc,NO
d5a97c9d2972d0213ebbb8b4ead99543,YES
e5a757de31cd780c31dc09d0e3215ce6,YES
5a6d75c447524a9a92f551644d2e6423,NO
efa44295b3e1864d48c4d5c8efdd1ff1,YES
e34d9098933a07b59407755fd618effc,NO
8fd522b1255f4a205f29c9a3f6c126d6,YES
f2cc6cf0c18efde5725d6ba60414ac9c,NO
6c883364b1a23f3246db113b0ddaa017,YES
c8bbc4e292fc2c8121cfd0cdebf8b562,YES
5f46dd3deeafdecee0d4282a51fe2bad,NO
6dbe01026c3aa3de577858fe6e69c81e,YES
3d60eaeb5cee915a4c49017d8ef6d93a,NO
bcc0002a9086a89bef078f2b78b9989e,YES
38022b769865ee4e2c232b595f9fb2c7,YES
2c16b00a61da18273fd64198529a5e5e,YES
4a17b191c5908ab4863f6fff016667be,NO
b03046d50b8f80817120baec7962cff7,NO
30bed19085096f9b7aa5c6aa53b2c5ce,YES
6af56ec24a37ef3001745a664959ed25,YES
159bf0ba60bf23fe31b5b3b6ac33ce91,NO
ffddb77843517d54c55c41bbc4411236,YES
81019220570422dc8b6e11edff3369da,YES
d090e8cff1b482a02adfa2db28bba09f,YES
b34c23031d0d2eefc7fa0aa6dad89b60,NO
0427be7397e5c9aef5bd75f674fa42b3,NO
66d1d6f2d8bb73db9589fc685935fc23,NO
2b77eaef6c99eba5da68788e848a4526,YES
e09f8b39d43cd1e22705d2b7eee376b9,YES
77237c8d44de54d0613f87b619f74a1c,NO
adb96e72ebffe017fd61fa97bd4307df,NO
f75c87295378b1d2b598881234d36d63,NO
9a87070adf45f25d26d4e41f360440a9,YES
479be0c9546fd7a0c6d09b5e0ee39a92,NO
cf684bd6ecd31a114de422a7a63586cf,YES
2de32c4f12c5b26deb96d3b8ef22ce74,NO
871ea99e7e56f35f3386078618d80c40,YES
f3e97f4d13e9a0936ec7dc22a6fa9c54,NO
8e92534716449c779c2035d690e77083,YES
00a482c8db925eaa363697afeac15e40,YES
a896230697393fd2b72a7c013987e16c,NO
949735a41610a86e1a37497a711c8588,NO
7c56c819c3c7d7d30954ff72a3866428,NO
2444b32054cb13b2e95426dc2dfe9898,YES
f9ae72898a9e5b49bb479059891aadea,YES
852d876923353bfeda168975dc8488a1,YES
b44b19054eb60d93d0659bd01afe57a2,YES
1ce78288e7b728acd4ac7e9d0ddbcb13,YES
1f34a31c92c1567d1d7f0825d1965698,NO
c4154554a0ffab139bc45d41fa2c4a7d,YES
b656ea48818b9439585fa084a07a7853,YES
f1ae676049f56a9be9fba97363b9b3cd,YES
044aef284833748a7a5b73c6683e1e12,YES
37e6e7419751fe7502cdbfb9f77725a5,YES
5c1d640df39a6fa7fd6209e1e2eedfb7,NO
d54237077c76421943941e76b17c4764,YES
b6077b0d98d99473ce8ba2e7d37d577f,NO
e513a90e3dabe37625ee943112fa85b2,NO
43c5884d0c582ff7101df6b4e046f31c,NO
6572e683533ff19f35ac939c25814d52,YES
776eafe59e1bba22d25b4ebfd07d747d,NO
fe42dc439094f575993add4525a6db94,NO
79bb3fac335433ce924c29056fa1efe4,NO
0c99d8bcf0c09357ad87bc97dbcb6fe3,NO
5c97a23bf96524f894dcb4d59e334fa8,NO
06944695c82caa8fccf800b1bbe6e471,NO
706f2246e1d74df0b68a8fc6672fc53e,NO
1b6d0664fe0613b0cdfb5c36e2d0515a,NO
3ad8430fd4aa4bb9c2e603805177f634,YES
7e975c4123c234e18941c5d8e03bf7a1,YES
6b9c282d48ae98990dc8ab2623364cce,YES
3499d4044b81886715dedb3deae5dabf,NO
ebbc5ed62a114f6a574207b6ec730715,YES
3b7bab3bf758cb4e9a6b5aa724050b7c,YES
bd7e26736d15928187479d843227474d,NO
73ed7444fb9388ba5d4aac071d8ebbbc,NO
2de2ace5f38f73ed501ef9a536054234,YES
39038e603be2beac2d482bf59a800031,NO
7048a9f7d94abe279b547f5c035289f8,NO
abfcec2d97f3225eab3ff41f0e22c46a,NO
72efb2492106dc66320307bc0121b7f4,YES
b22617ca4ea23ca8d408a6d9128ad5a4,YES
ce8179bceaea17ba61a732d75fde77d7,YES
4baba6889acdb1b37b84509e7ee061cc,YES
725e201286beca8428492f3cbdb7e7c8,YES
550c62ffe4726bea457533da59fe783b,NO
6df6ff76bd3b16845e20828107913b71,NO
9fb8090fb21904289d528620b11ff0e1,YES
6c621bc6fde6c27b7e133c57b6304c95,YES
9ba4f8a28701d5d26f7fc0df8632a715,NO
f166b50559f511f5e42baf0271b9ece7,YES
832728a16ecab4617e0fef31cfefccb9,NO
16eb8bcd1a682293badcb65a3ccb5ef0,NO
6088b279fca54aa9c4511707adeaf336,YES
9d5e2bff821eddfc15b96c725662ccaa,NO
5330e84745ec770d7dbc19b6b396ed21,YES
861679680230444634a60c7c9e9c716e,YES
79406a89f249d1e5753786ce9140c52b,NO
f3ffc98c84ebf697a0807b13adb0e6d1,NO
5a751e345ba23d63aefe7476379f41fb,NO
057a0ff27884f36e968842ca47d42bc3,YES
fdb91606b3ae4fcc47a48297a9601921,NO
4de90d218391f3e8ca7b1f7523f3e930,YES
531e9180c7005e9180fc32ec9cdeac1c,NO
29061b8be40588a35cc9b908500232a7,YES
f3cc67752618033913c590675c0e4bfc,YES
bf739651a9786d67e7a2fc88b452c2d2,YES
d514ce364f9eb28ba13a9538fe5c1e4a,YES
b362797d5e4565e4949e453d16ef226e,NO
f9dc1001dc3feac4e7c8cb844be537a6,YES
2f11cd3269dc670e778d5d27fb740002,NO
31f39bd9bb55f110f32fe32afc288be0,YES
9686ddd80cac2b2997ce25dc1b51265f,YES
446094e364494aec0359c03bc42f86ef,YES
90097478d65f97fc499f85d7b42ff43e,NO
8f81680403c4bd6bcd025c5f7e03c8c3,YES
333ab4e584ad4e548e98562530d37214,YES
1884cf0ff5cf4be1f9b2a541bb0aa2e5,YES
c68b20e44ea84c9f53f3bd33d2ae077f,NO
e43ed78c33947642d271a68c47f8c2ed,NO
4e9c61aaa5339146e92dc1fffb555896,YES
1b64a2841ac71b52b54ac0cb97abf164,NO
b19f55bc669ca8b805264eaebbdf6328,YES
1b50fd5f23606d928608bc3bcb7dbdb4,NO
25747e177847fe8f37db71e5acd24122,NO
adfb77e56a1ac639de75df13b5bfb042,NO
94c8a5b16759c4048546ebe75f9d857a,NO
b4a07f8be6bb4ba10210e13d0993cf29,NO
40275a652b2cb87e9457ae198c638e0e,YES
80bdfc0bcd512fa65d6c8e0629a7b0b8,NO
af67a6ec79ddfef22f562789c3e0a623,YES
9da4c198c52e469ef64899db5f7d2c9a,YES
21317a053242c624c4fb4604f3529258,NO
d8fda78e4172d3892096e1645c2f6171,NO
ac89e680dd6e1797109fa9cd586ca853,NO
74e0a2b6e9cf52b0b7fd04136232fcb6,NO
492bb0986276e24a9ec18784f2dc1b2e,NO
0a68536f24c15c745783bfb39b0ab968,YES
9d7456651260d37b40e8b0e6e949bb37,YES
b7098c73f17becbf75ebeabc8d64a504,YES
80ba90ccc88dfa2bcebc49247a60d912,NO
32025122d839d36eb7e59398f01bd171,YES
8da27737bada1a77d2f84b0e6f70549b,NO
212439e3cb0cbf132fa7644b44d58215,NO
63b35de2642008b84df3a643279bd5de,YES
b4d1c586243d20a82b165e97e2b7851f,YES
09f6b2fdd602235de3a936d3736af6ca,NO
86850b4ad6e17fb0fbbdea5aef510d48,YES
dcb3eb52b1ab3aad13eb0ba41987d810,YES
8b3404cb8ea3fe61a0511b5fce5982b0,YES
8ce4820605bbd77a92d2b99f529c1462,YES
66fc5b061938cb81277d401b5ccbe90b,YES
0fe6cbda5da7d957bd9485d25916be7d,YES
3b62ff8d610f93581f7d8ec3aa2f27a6,YES
8bc8aa5dedc4e250bd5feef3efb3a3c6,YES
d2131001d880a222e9a589a65786d2ae,NO
cf445663e9205fab3177b0a45fdfc45b,YES
a07d50a5b8575915d3abecec684588f7,NO
479f95abe5204bb2616254ee3111923a,YES
0e6385f9f0e3550d13f2e1e171ca7b56,NO
0de0ac151713834535b9697055b7857b,NO
d4333b08389ddc3b309d1718845c6d89,YES
862c6d45763827166cfb02bdc62f049b,NO
fe2ef15bf6dec5be0dd7c4caae35d543,YES
912023ab99671f163ae900de9e39d063,YES
4f3a9977b4a00c1b99cdf93f8ee4bed4,YES
93720ec91585256d0b4effcf7cc788c7,YES
f5c6ea3ecd116ffa2719e45a82f817f9,NO
9371cbe98f54441db5234e77e860d66f,YES
87c7c9bd7b96f7a17423c08f41d30e06,YES
bf8f8c3084b057f544983b88151926f6,NO
9c33e5ff42fccc63a98e4d9c3616f7d8,NO
0ea5f211eb4777c0e6659e9cf3247d12,NO
d60ce90e5c5a6e1ac8953111c02d8831,NO
317b1abd256f110938ce1b455e55c2d2,YES
32f4040f6abcd468682f47a5e8d90096,NO
413c85e2de5ae83bcbc5f88552e723d1,NO
b9407335b7df2f5219944dbac226fad5,NO
0d65e83308577d04c06d044225cbedcb,YES
49ccf972015f6bafc2ee1a95d9adc920,YES
980bcd7d7c593743e8b6126dd7b5c0ad,YES
f4e2855c8e667bfa7a14a164d131d330,NO
f6890882de92ca745f16657704897133,YES
4e52fdb660b8d2953ff3f0f38b6e71f3,YES
a57b6f049d7a5752a893e11f98fb7d51,NO
b262fa73c8c9b411afbf9c10e370260e,YES
756d16165465dbdde07235ff1ec48f06,NO
94dc097addccf8c5c7cc25465e23d85e,YES
152ce920783659e2aa3a729a58f398c1,NO
9337a55a7287879e7362397067d7a7f0,NO
8c33773f93d55fcffdc4a76fa994e081,YES
5def37c03f4d0b1e0f785d8f6b32055d,YES
03656afb3b6ddb3d90a03c85d8b539d1,NO
b06e7a3ff8b18e9f3a21a5972ec608c8,NO
d8791a93034452e80c550a91c0f1408b,YES
296794998f3ecac3b1667c63cbbeb5b3,NO
4e340c73a1991b1881c55d60cb2bf703,YES
912d5eba82f8ce66bb90c05da834d18c,NO
7f47d8b0875e9d0be98e7a0717cc7fc4,NO
44a36e94308df5095e4a147ee1f3cb58,YES
663dca7d35490a1c7648c9f9acdb5ab2,NO
6dcb745fa0bda977309fa6a81d705f8e,YES
2e28cc316cbcadd4563697813472cf3d,NO
78ca0d679a902b9302e99c4c2f592766,YES
4be758add5f364245278e7075522e3ff,NO
58a7f3106d2ab0b07ce43f7c84ef89c0,NO
b25b6530d100685315c8990c7cebfd26,YES
abadbbf94560008b07af2064aaec20d1,YES
37cea89887511bb38b25c18291c93b8d,YES
21d40c668ed0c9b60b07ede223c94f82,NO
72d696cd0303b12c576674e9583e96df,NO
3ca5e4b4ca7ca7dd4bedccd2f0210316,NO
4073e920dee98802745327311fc739ef,YES
22af7b451f81dd3ce840fa4d3693d814,NO
7d1cbfa74c9d5ede15a6ecac2ffeed45,NO
0ea8665cfe1b6d86fdd1e4755479be6c,YES
4a929b45bb35cbed07fd9a59f2f4ae6d,NO
0cd49a468c8c07e8a91db8c86c2e4d4e,YES
6427042d80d508bad20801f5aaddf022,NO
a3efe17e937e4cc9962733a39e45a8bf,YES
4f3034c8db1882726cc8be5902248aa7,NO
0f64caf4a7e3ed8d91664cac3731a4ab,NO
4b695413d835402a00fb8d6d9692c46f,NO
de893b42b58ea3b8194b2cf45f36ddad,YES
f5c50f024e59d8eafe0191da8438939b,NO
230756a3237c7da2831f3f5916996c72,YES
f1a835606e4269e87754ee71732b3677,YES
44ae598033e3b36f036b0be2a5eafdab,NO
90fee633124c5577baa3a3cdccf8de0d,NO
fd92dc12475beffa496ab73c73cf780e,NO
b9f5adf24c145ef40a77b84cb41cba34,YES
1afbbb6a5c86d8595026de0750b76dbc,YES
f46eb2164d33b63e04ba0820d65cbaa5,NO
2e239c0bc1eeb0030d574722f0d48304,NO
2b04a2ab22fd20840a5eea1f382dd0a4,YES
202217898c94cd65885c589cf2afb132,YES
3beeaf3e6863b70d0425f42800582671,NO
4eafab293c8d7335e48b3265920b93c2,NO
9706f0deb69fd2df1f4d98254f6b0891,NO
fd409ec01906e118068a274d232c9039,YES
ea80da7b193d46d5291447605252d1d5,YES
4dba0e02e634e3df45659a773b977def,YES
e464b3ccddaf1c851d11d47d0e32739d,NO
4a9fe1e3729ce3f47d97cde23d2d023e,YES
27f46966dd0a61788ef485452fc0f212,NO
29d016577af0b6159fcd281d80314406,YES
5deaa2691f5811148644eb2b4fc9dd20,YES
841815976e1e4e1aca25abff934156b0,NO
8f84baaa3f39b446148ea4f756fb2e03,YES
2692dee0e93b9a14eb7bc5e980dfecd0,NO
a7d39467976a110e1f2ca24b5e03a11a,YES
8af9dd2b1abe9e08a05e048e7085ca61,YES
49ffd3e343620e07750f2280eadfbceb,YES
209cd6c32dd585004dcfc90476098902,YES
e43f066c7ee32aec5910b4ad0bb0782a,NO
e8ac835185015c09fe4ebd330181851f,NO
2bfae1b155887bb07d7711865f1cbab6,YES
215ee2dd1bb9d95be6eb576f9dfa02bd,YES
6f145413033b32f07a7478e18da04ec4,NO
1db49fae45c8f8716d72d80c52111536,NO
c45033810b787b6a7f039afac265a82c,YES
91512f26433952cc67fd2a0874eb2c7b,NO
9d7a851eadcb495bb308f5f5e1f408ec,NO
dcff2573f30301dbe86ee3f3d507afea,YES
76e246d6bddb01ab11ee34d6b0c2ed26,YES
44c65c3c3e33b514728bbe16e218633a,NO
aaa39181442525ce5ca7af92e2ca87ee,NO
cef952f312445eae144ab5a50d0bde69,YES
5110622bfb330946a06dc95124345ecf,YES
1cbcb9caafdf21d27ee212fa1e42eed1,YES
4825c87a642d4404bf2860e05fb575cd,YES
274a00bb9d48b39bb9dfa6f55ef56f23,NO
b4dd5260c4cfaec3909e2d05fe24186d,YES
72908917aa472a1c49f1ea5725df9e58,NO
ac63f1aac467a3e48fc07127cc591ac3,YES
64e24f5b312339d6fa1017298c65ac49,YES
1fda7857aa91dc1e70dd0e23b498e706,YES
acf88c9bade9f0cddc2229161ee5d9f4,YES
f15b542ea451afb032e2a1f4cff88b74,NO
053b6365428679ace847a0c553b40665,YES
a30c5fa6ef2880ebe5d523e5f57783b9,YES
c1eabae64d4f4eef788e05d3e3b23f6e,NO
5f763068ab2a93df3a129ff05d8bdb1f,YES
15943ca80e839f6bd9ea2c264346f434,YES
428ef56d31272020f03deb2d74883638,YES
09f8bb0369dedd5a90b67e529bb343d7,NO
0a2dcee1c3d1738e85da727caa9e96d9,NO
e21ec13667b1776aa1062f9c10600c3e,YES
dcf4658a05b889528af1caad35af100d,YES
da6a5a1291b9740b2960e994fb7e342f,NO
c71c3793de36cab05bcbe368a922d67b,YES
56ccff26203bb897a2d9c2bea021e50c,NO
2761bcc75ef54767ffef0e8414fa7bdc,YES
54a0e46d17bdd3d68126fe51a0e0804d,NO
8cc664f8bb57786a027fcffad490dd31,YES
23396eee5a447c54618d95aecb501482,YES
bd2c46740c9593222c602edb9bf651ae,YES
9057bf68964d6e9d611ca608a7aba67d,NO
f8730f900c0df7771f544f455957faf6,YES
6d418e9b67a77dcb505694b1c767241f,YES
6a42cae2f5b38de4d3a9edb66397966d,NO
b3fcc6d696bf4bc9b71e0fc77b00da6d,NO
9f17d8f29a329dd9350730d21e479f0f,YES
7d77bc296180d4a958e63701a769330e,YES
853840b25a9b1d133e8386b84d60e7c2,NO
a0914babaa5a0f275a7c8116452ea3f0,YES
6dc842fbabb86b6c4262379a2abda959,NO
449cc156ae41140742a80cefc1c54165,NO
7cf7ee50b423ff2f67f7021709f1e914,YES
363d081e4397978b57297e117f1cd6d6,NO
c1bed25f9f8963e3d6b4e9a7d8df605f,NO
86b66fadc8df6c36971287ca2a69567f,YES
045a3f39c4a3cbfe6c8cae288af0fa4c,YES
50779bace1c90ec1d7dc58f4a3706d3a,NO
6537c7dd4182c58e4c7584c849df5832,NO
78d66448ce7d99f9de29293e9612d9ba,YES
b1cf87161fc3c0628190d2002d8587a2,NO
e48771023eea9b8f61805127600682cb,NO
e087a2ca6b07f6992f5d51b0f29a1de4,NO
e7bdfd12af05b25494b146e222e4494a,NO
0197c56c5991dd8948cf2901eaf44430,YES
2be0fd99842422ae9f76959fb2b807a1,YES
0434d9e56813a582de993bace6bbc04a,NO
e31b59ff04cdfa3bfe513e09e73012b2,NO
6273063802a9955c5ed0fa739835c64a,YES
df9794690fd3e7338474997e467fd3ec,YES
1f70b71b48ed96b7b5813125fd516c48,YES
c5fb22c707a19567bd174e57614b8af0,YES
8f8240bc6c6c984849bda241bf187a2a,NO
1b6308f3c063f86c86ee5fba0120c97e,YES
3cd2f45e6584f198c7935ca4aea0cb69,NO
ef2a9dccd2c986d375db0d3d32b5f6a9,YES
408a565a78fd8304c8be5c72492fddaa,NO
5b5a8eb2544111ff91bd0f7fd5b5d113,YES
86f7f7923b36e189d0dcb08ce94c5ffa,NO
92d3c1da5415dfda492bfa149b4e5ea6,NO
a512d6dbf1d2d47bdcbcceabafb6f5db,YES
1958c66509909030c1614832a43bebee,NO
d5926e9527fcef5557d70b6a6b3c8967,NO
a7a4eded578fe8416d858f7efafcf4cf,NO
980cd7c678f019795f8d96a42563af5a,NO
ee07dfa5db460dc421dc47045b709f9e,NO
1c21fcdfd5b265dff5c8e89fdf040e45,NO
bc4a669c311b215dc5ad8829785c782b,NO
ba23877ca4478ae6ccff4bdcd33d8c09,NO
6a7bafefe46aed3359aa9c44a1321ca2,NO
9352707627d782eea6ea61ba4c44744f,YES
1ae887c119fbaa5ad79561cba884801e,NO
0f14f0ba03a57aa32b14ae23abcb9173,YES
f5f87d1c9d0e6f2634c8abd9234b1091,NO
51758b8f924e13e61f845e4e2f3463aa,NO
2c11ce1fc1fe3205226f7792b62b4263,NO
68a06dee8082ad1cae92f7bd17b88a56,YES
177b8c1f13dbef4b42436e2930aafa00,NO
01f596c09e1a5571e5baefc264ecc60a,YES
d4446edf5726c1050f6b9c4daf69468b,YES
072de8a294cb5768852d37d29fcb1722,YES
a1bd7469be09fdc89b555a027fc9f1c2,YES
d596e873b88660b212b98408589b5855,YES
05b65e17ab1659aee8300af6f5187d2e,NO
76a141c826344b293fbaad8df5b2c91e,NO
7c18d34fa697d51270167c15c8ecac7c,YES
d25572ba68913487d097486657808f9d,YES
ebe0644c1888c835ac374f99a9bf58be,YES
e5ea5af39ca285399c2c5e399329dc2a,NO
e9bd4d440bddd4ee19a1145e131d6f53,YES
c356709014bdb1fd52de4660b0b914ed,YES
f5fb2c0374e1c619a1642bf0ad5a9a90,YES
20f0b4359619ea4988c31285a4ceb339,YES
ab7997f6b7c29391ed4009ad81387415,YES
d3864be40ffa9a454fa554d755caf980,NO
9356a39a38c4b70f17a30e0d2cfa1a29,NO
5922f8838243ee490930316ce7fecf46,YES
9ec7f51327c242eb11a2c4ecc27029ba,NO
98ed94177cdb1d25e0a6da69e6e89d8b,YES
8f9d3165d959742756cb45a930a2643d,NO
12f5ab53ce0dfc101efba238d4529115,NO
6061624d5bf3739415de1e0ad3b60ba9,YES
c746dd9b11f2eb9a9fea80a9922923f6,NO
943adeaf7f87e316761d37a2e4cff780,YES
02b85280ab20469ae1a280e22403efd7,NO
38a4e7d9ac916495cc2890991df7cfd8,NO
4f81ff0f6c2462f339e9dac82646e4e7,YES
03299dbf9b722977c549e24c6a35f41a,YES
9cd7fc0e5f0cdb99355fd18ec62d38af,YES
7df1ef3fed8ddf99f69d58cdb4faa725,NO
d4530968d2db64f15e336c7e52f65055,YES
c446efff3765ceb46db13d6b1af9be55,NO
87ab0b66220b88d24f662da024817715,YES
8ff0d5b5ba84da5cfd7b062e3e65c1e0,YES
adf3c1978d149d5850274ec9d790284b,NO
6dcf2afe0a3e0c2b48ffa733d7f1e5bb,NO
95492fa644c43ab57ca3d5480e26c6bb,YES
33e7add2b3aaf8da5840c0389de7fa7b,NO
ef8a4068aa06d59e937d62e296d87bf0,NO
f145eb44e135246f5c2dc2bef3beeb5d,YES
8918f2c75bba975bc20240596e713594,YES
f3ce350ca551f9312a6edf20cdb7a523,YES
be4c3c92f1cd410455c59208a24dfd5e,NO
d0827221350cbce23ab02691b4e59b3d,NO
3e8b15c90b93f9f6864bc72e34e55d30,YES
6bf89fb25ecfc47aa70965d15fb5b478,NO
d1ae1221116215da66ed584076ba4047,NO
04a30a3f97e3653cca11b9f4a2ecbc4b,YES
f6d4761a4ab06b429d68b5ddb86be832,NO
c1dd44ed98acb20c14400036c16807b3,YES
5c9477ae329f49b755dc33d8ae0c1686,YES
39279c737ed31fe795f99a44293e99ad,YES
296f12ea3815d89f21595af421a43b88,NO
88a45009e16c1d9c055f829c69c24ec1,NO
28ab036b982013734f7a40741e165c76,NO
fc5ff5f4fcbd1051a17ba442a3641cb9,NO
b6e117e28b7a03d1820dfce18fa03205,NO
cee448d021c8a36fcf47534f2db7e748,NO
f315a38144ac9be5262d58bf4b446a11,YES
34b3b716b9ee2daab11a23759db72d13,NO
feff3ba14f78658f6fae5a4aba5d44a6,YES
d2bea6411a9396034a53be05b3b95f74,YES
2299e33c09fb5ea6e15797dc01e76d3b,YES
5b9a07a5e7901785fbcc55f231c66cb1,NO
55cb95cdaa79b6f20da4108d2dcb3063,YES
4a75ab3b3188aea474497cde0c937827,NO
66f8d4419036f852bef4e9a536040f2d,YES
a7b3cc9a3b6a1c423d7d7daa40a6721b,YES
e73b9c224bffb2988027b148cfc7f8ad,NO
cb6098c6b38d485a47328f68dd88af8a,YES
aaf05292ac45bc630d10b23b966f9aea,YES
c593ac731f49ad54c8fdf45282cf9959,NO
585b453c949d696b9775a06f0ee3da10,NO
6fed8b230918865075b22709baa9169e,NO
8e3911163120e64f09b3dc4b3143dd4c,NO
77b2694b0f21112fbfb288fa3983ee67,YES
033e19b4491f11306fc3ac14fa244eab,YES
c669d6e2f9eb1e799e4b8cf811bfb3a9,NO
2f7b21ad315074db6c419925784bc3c9,NO
e613d0448828f540fc5970b060432afb,YES
1c347531dc58c5f7938f3b3ca93cca44,NO
9a21ab4f1ff13f727709cb4fac6eb6fa,YES
a955c0635ff633db546ca294d90296a1,NO
b1bd328ebc9a3e1c7f290082342c9460,NO
fbc6bcb9473cff234235315b84219b65,YES
c9621eed5654f548346ed7904ec32f0a,NO
7945955ca9bb3b03bd645b6d6e70d4cd,YES
ec5364bd1840e099eb84d808907a290c,NO
63469641ce79af323e4a5433a718d535,YES
43f080c9d6524a9d8eb5908f1019bcd7,YES
f8f2b6b6a3faa2ea3e4882f8436e11db,YES
78411650a5633c66d3d759ac89a12efc,NO
f88f8529c029574fc45e8e7ce9baa0de,YES
d484d9d0adaba7c73066875a146678a2,YES
6e6dbe6222049fb91f101790d91a9497,NO
fb4e6103902d85d23714d4c1567819a5,NO
4b4a44c450e0ea0d2b31a1b7d76bf8b2,YES
de3c2af38c8a79ccf5c16ea4bcabb98f,NO
1593a6065fa422809a975276ff5e8761,YES
2a2246162996f67d35bffee68f0002a5,NO
2a9c99ffbe54ed92d4f134d868f8c9dc,YES
3cc5dcbd43fad2874bf938aecdce0a5e,NO
0c1d3498be2961eb0420c5e1a2f98106,YES
9633048d1998b95bb40b8f8a66bbb0dd,YES
2e2a2d037e357ba5921877adaf1cc86d,NO
28bd452b7f5098d07193a2f7d5bab3f8,NO
a9af5c42da8e3dc7b9ef2c5fb0965e20,NO
b3fc693b8ea766ce510434f48eba54a7,NO
884c221b58665435201405bde5791348,NO
036580ff3d25591be09d8c4431eff03c,NO
6fbf87408f1be21add61ef9701d081da,NO
618c488b1fb5b2000e7b30ed276fbc76,YES
7547e31e515faa67c8feb681050fce5e,NO
dc2d917f15b641de5b639aa143d52829,YES
6a86504e84d600a77e230245a98d342a,YES
a3a658d08add082a6230d0b63ae4cf2d,NO
36449fd0083f37aa31177b7dc2ddcc96,NO
3b04e347ed36d2199c9b503c366d2b7f,YES
e8587834cb1589444348bc12918c306b,NO
831aadc483bcc5e49a1c9255e1ed2037,YES
476f4edc29cfd4392f26c3f1da60e940,YES
7b81de4ad53b7912f97df3f03f561067,NO
33a5c3fab8a8c04c0ad49fa2a924af5e,NO
15a6b43c75676ddacf80e741459d58d6,YES
2b44d7ec24377ac5e9fcf9467459c281,YES
fb20c1c1f929ad804e765c46c5acc81a,YES
92a30fc6d618e7d6bccbcdb533535d9e,NO
bdf6d0e1af7ecc68e449a44f00551dad,NO
1449dafae60cc90b1a415dc8d7740ede,YES
817d5d268049e4f52b1b597031a4e4a8,NO
dffd78604fcc987ac7ea246fee4bf360,NO
1cb383e32484d9625dbe09eb26cf0741,YES
2593e74cc00600be760e1b6007a4849b,YES
71cef13d5eaafbeb7c8b8a51e2b87fd7,NO
9a3d5eef2cd5d44d273a9c5ed628485d,YES
10c68bed72a9011846123b803f0164e0,NO
55fcf727a4e7818c68e3ed80c4751f58,YES
0fcab2cd1521409bf06a9454d4f7210a,YES
0995676da43a5d5d8a047c918d47dbb5,YES
622367bee66f41b487df75d2f4aa255b,NO
b11461dd3c0eba7bb1d2709c1121e054,YES
0ba467e41193ecccc2a5bdc6f48e51b5,NO
698b0241dd728080970afd45eed2faea,YES
2ec251121cd9cac531ab2bb6268dfcbd,NO
33fce58b39b8a8a60d0e17737a3a2235,NO
0645efc3d31cec656526d5f628427d5a,NO
4396cd262a030623b520e2ab0e0e2cfb,YES
07240a673d37c65e2f3bc1061cb3e470,NO
52d83018defb951430ff572768216471,NO
2d1fd8b64cb82e3ba79cf7fe0a38e846,YES
26f9ab14682912520c1c25c4c3af354f,YES
c3fc953bdc3961a4c671b9c9f76fcf7a,YES
354cf4c0e06938e80c3e9414f468741c,NO
0fc9fbaa2ba8a35b3335de3bec24066d,NO
f64807a31340dd28b5b57a6506909327,YES
4f85d10e5df3db04f79ba8c2db9871fc,YES
e3fbe05361956270cf1a8a690e49c92a,YES
0589add5028538bef8d1099c98ca6409,YES
f803c1a7160417f76b0a77dc4c82616b,YES
b2eddf2992de963f91b858ea41a7e8e5,NO
6f6b91cc920cd1c9ac3f87281d864fed,YES
ec9a81c7732939456dcc22f8d1250972,YES
350a127b29fe7c36f9257e0cda3a62bf,NO
470acfb1d3646c9a8a22a12ff326c315,NO
179f5e44702c1763e53dcfd773c9c500,YES
10063b0d144cbf5d7113916d5b2f0501,NO
80882e5462b7ebdf944014399ace4981,NO
ebfd2a8542f55b30fa5d8940e57e87a4,YES
af6b6e762b04009a911fb47f1d58eeb5,YES
5b5b50705aae7ea60d845c4fba3984ef,YES
f319a6fd81e7927345a3c3d2da873dcd,NO
903e4d2baa0bb76b747d8d3d46e9a27f,YES
58cac5366fefa22a28789457ecbf028e,NO
14d70d6970446d1bf138a3363c718fef,YES
232a636bb9c87c0784ec38bd8ee9f3d3,YES
5c1da7e0c7c96a8a56f8c8ab09b1f196,NO
9c380c2e74c38518bfd735d0081e140c,NO
c34d6774cfd46ff64a8b285e56766079,YES
3011868bf0aa464474d6469f87466428,NO
adfbfc7d09abb34b5ff9f6244bce5b05,YES
b115f416fcd1245ce2c3bdcf2741c9fe,NO
e739eb8c2f359452543cd21293b69292,NO
5f324122d2022903c8f0bb3b188d94da,YES
2588670c2859716062b653914e41fc9c,YES
18de40083276a9bc052ea3f493a171c8,YES
99f89ad6d12e91c9e90555595391c50e,YES
fc08be32fd97fd4a9b95cfe5c04bcf02,NO
ac31a2320b747ce12cbe24dae8a6a11d,YES
4323dfee060d949fb1509a2c8b756275,YES
28b47a6607fa76cfe293318184630eb7,YES
c8e5e3c0b07c6e308ba0d805db7b450f,NO
21f22d2e26be56eea6f93b247895ba6f,YES
8768a0b521d2e1576eec8488e715cb87,NO
0dcbe36035adc065e02c28f4be00a285,YES
3095fcfe838ed78e4848c54476e5bebe,NO
e0775ef31b2943d37b0911119e4e689a,YES
a8d08a06a373bb17b31bc286c94d2f7c,YES
c6b460a02e0b41500b2feaddec7a2db7,NO
e3c4c6a9f57189bc3b6bb27fd8876c8a,NO
0c8c470aeafa954f66ee0fb31617d408,YES
3c65f1ed816408b3415dd161e6f9fe7a,NO
4dc09587bc792d3253bb2478d94fbc57,NO
fe14657730af782c0232cee498d1aa8b,YES
17b97e4d245ef13a67d742f101384ffd,YES
15efcf1f4dc38178e2be9d517defbe8b,NO
8e693abb9b9704b4718ba3f22625c3c6,YES
d5f6c91bc8363026183bd2ab2b438103,YES
b0a0ef39cde57120cb32bf0ac554d0a8,YES
293f7bcbbbb89424700b81f1e799e8d5,YES
2dc8cc704059ce594d3beb0276d65c5a,NO
582609281d549d0369a2f5acc53733ea,NO
d6d76a617ab6217163a27ff4376ab11d,YES
41051c14d63c8ebfdf98ad87845538d4,NO
b42d6156a60a84cf19e5adb750f0a863,YES
a2e5b417fb8255022a4e5e268b5669ec,NO
b88a891984cfd0e1aeb825c681c9654a,NO
0922e216200c355eb78bb8cae25a0f2d,NO
e31d439766c582b3f31d7e6a6474a035,YES
6772af335b3772f4e1acad839e5a2291,NO
f4a85ad1e61c9fc60b3dd26e96d92e8a,NO
d1b1b1cb6abd4f8f5d27a12cc167d853,NO
467248d465c5bf01005fd68ece009abb,YES
49e5008080ac4417435c58a4db9d0593,NO
c08d48d4e12384a42b12d450480c0a93,NO
9eeb7ef2799dc5467dd56fbf7a0c2aaf,NO
bb80a7a99e20f91106e5db5a19bac920,YES
2583536de69992b36f36c2c87f59bc36,NO
a90b0a9dfc4815b53d0a31f24afd4643,YES
60f856ebcc4657b2366fd88118d865e0,YES
8ad6f68f8d30fbf77d26771e836a058e,NO
bc142ac2b7f867f8c1e00898e34bf8a9,NO
848817ef9b8a8417b5bb2b2e78a69d3b,NO
ce3c5a33243fde8cbcc6977422d442e0,YES
922934d6382d0f63966fb7fc9a116baf,YES
ff0ab381120ff7a955410a0fad0dc61c,YES
cb07ca50318784a5676fa748692c9ef1,YES
3f82305bcd0919994dd8fab17d83f63d,YES
922d841a950d7c95bf15826e6b1366c3,YES
25bbef769f0f3cd28cde9544fd9ce568,YES
56e27f054a8cf5fcf836b388b6bf5292,NO
5432c9f6f7fe5ccf582895a242d67377,YES
50ee173ad37706b572c52a094b9ba111,YES
23f928c1cd497e1410365cf4bba86866,NO
bc4661b29c954b019274957f3e5bb409,YES
e39f5bdf41af6d929756284fe40199ea,NO
345d1165c2b17f8d0946832cb3d2840e,YES
78da24b62a5ff91ca9e6593ac57a8a83,NO
de39e39e43f44073da7682b8924ad037,NO
faffe1a628a6800c037c69004fdb4e6c,NO
ba4e87f109e79a3e4f5084c6f08159d8,NO
92c8fbd23c3796d3689a384a9c2005f3,NO
8790c43021e1cc15e508c284d1352c8d,YES
dbf2511b3eee236554d26e103251ee30,NO
a5ae12d660354eee7f67610e0dc03289,YES
4a3b35a653a1db5a35e4a0cf427dcd83,YES
9231c42efa9966b97b6f6ca5055a38f0,NO
9c47f82f7c6f2fc140dc91ec8e7a74db,NO
8a776b43f8c141148239988f7c40a25a,NO
8854cc45c60cc981e5cea5fd209bc7ca,YES
ec3cdee05e2e515ed252a16d82b55193,YES
de9529cd5ae27ef955052e24510e702c,NO
ea2c5395cb2b45dd99ebd8019efa46de,YES
aec160882932a9a2c65d75981fcbafe6,YES
e34dcc59d5262d8c7ff2162614f0a93f,NO
f6467ff27e4c86cc0c031bb4f8d871d8,NO
d8eb155562eb745b16a82cc960b8e3cc,YES
66ba1a2cd629ece5fb31790ef7e85fb4,NO
117e441c319c136012bc3231626b1171,NO
883e74203ead6c8ef53a0adce7a318fd,YES
7973390db79a4d066d9d21aa7afe23ee,YES
76d1bab856a703eab463d44bd5bb7c72,YES
d8219454d61d2cc4eb6926ed6fa29b4c,NO
54ddd81e1846663c7d3f443de81afa68,YES
837c0f5ef245383023c4efde61a469de,NO
d0e2485673590596c46c88f7c83e55fe,NO
58cba6056fe56d5edb1a579c8feeca79,NO
00644ce740802c3983a8bc4591d9e2d8,YES
e8be3ab0c34f775222576e795dbcfde1,YES
fc42a5a65c2e4eb323de75084c482a79,YES
d056a9917db28f6e4da45a175e0ad977,YES
3fd2f58590b1f0aa9944f4167f544b47,NO
3297bf2161ec2c30f41630cf54a69fce,YES
650e129da40d1659f1e442bd7d20d7f3,NO
921726bf402402a3b9ba54a83515f16a,YES
0ffe3112df031c402cdb491d1942724b,NO
329e98068bbb9d0a6c5452cb2726de39,YES
2078e49021f23b3c72272cfaa393522f,YES
13b6661e81cafe1d3b5028eea32ef69b,NO
12d966d7bd61733385ec694061200f3a,NO
0e15d0a8f92074082118a88ac631404d,YES
bb1c8dd7c3a0aff7a30ebacda1e3fdd0,NO
90ed1a916f6342020e73fb8c60664233,YES
9a1c34d5d09883715ff407d62e0b0595,YES
70356fa3c6c9be311f89c33f46bd1005,YES
dd4e1a10c8537534cee738efcbb140c8,NO
34220d767df63777e7368939a9fe3237,NO
40cf2fdb1b733dcfa6bc61b4043846e0,YES
0a88a191eb049ff8066ddd1e86cae634,NO
405c1233bfd3e48231a76190084d944f,YES
25e272651bbb8d72c3a92fd8d0c1d77e,YES
75a06aeafa0e597b7185e61bf282d862,NO
8921420e06813dc7e6f4adf206e3d999,YES
052abd02f4418375a11c4f4fb8f4371b,YES
9a4dfa58553dd72e7d2dc62531b1b7bb,YES
d4e611f0339305fa809847e401d1539c,YES
a0a27c5c0945b7c032c1749b7fd091c3,NO
6c42859f46bfd564c248af09063517b3,YES
81189ed1d462ae0ba7e0634e7ab24579,NO
10af2559921313292b91f8c0505ffdc5,NO
40ed9b450262ecf2394f86a4cc6d89d0,YES
c47efd19c3886932103fc82bec20112c,YES
f67de0868a7b3986c973a5ae3ba4ce1a,NO
60e9a6050bef408eb8a9db3cfb06fda5,YES
bb8b00315686a19fa9043826d3f83b42,YES
9425e6a68a87c1cfc9347010ca5a3783,NO
29336b445821c40e505c8b330f162a62,YES
f75de8db70e68a2967cab8e51c0c3317,YES
cf1caec02c089b22eb7f811d228c7e13,YES
806632eae2855849cb7da33a80898a5d,NO
48b77a9b89541ad618e0d4b71cc36cca,YES
d3e01286ea1fb3d6987e46b70da4d5cb,YES
b60504f7c80f24e2721ddd46a028f3ed,NO
044e4f91763eb0feb71a86d44905c1d1,NO
4a93a9cff204dc41e0830f02ce2d14ac,NO
0a95149e60ba77921110ac830c7378f4,NO
636fedbb7d8e67511ceb1e4ecdc8b5e0,YES
4f09ac951b8a5f54d93992beb2a2e161,NO
7bac7c66d66d347f55550249bb25e42d,YES
f017dc08d23fdfcd6690aa52bb2eda96,NO
7f51b17f43d31f4c1ca3983d3144c21a,YES
3084ce764736d606058bbc3ab2860418,NO
5a4ec5b22a94d1e95a05bf9a14e44285,NO
35b622c1e1bf267573c401c1782f4568,YES
4229899164f10e5f356a1856dc8b969c,NO
92ded09ed715d00e38e7bd242e6653ad,YES
fcca2ceebb7c758946c809742e1ea9fd,YES
0bd08ea85287a5bb687a4509bea25ac8,YES
352e3825dc4744ccf3265622404f5fa0,YES
38f48e88da9f74683ced9e848af91224,NO
b1b35bed5cfbe5009d59e5b510f921f3,YES
ce9adf4eb7ab7cafbd60843cd75f705d,YES
61cc3031e2e8ba3d23aa757bbbd88fff,YES
5c16d00e949f72b9f46f48c1e01400b0,YES
5da81862b0b65b6a3b664f6b13496d92,YES
a01cfbcbdab9c71be190158cacee5436,NO
825c3181f8dbf7c45dd56e5d56bcba86,NO
7f0f9f1cbb2a597868701e3d09857ac5,YES
75bd29b8f52ddd4e19ee52cdebb3c7ee,NO
ed0d4f08291c64f8a01d712037dfac46,YES
2c3c1b2edba16b198186c8619762e006,NO
90570edf1ca0daeb48a794b22b7e9691,NO
fb84e53c5dae4b52f6909613e665dbab,NO
5c99c8612badec18893205ed376ffeda,NO
cd7b11cab863602421b1a0a12e9d214b,NO
5175af68fc8b0d0558ae74cfa320ba0b,NO
c9ee3be0d0c016d47139d5224cf0f911,NO
5efe04743ab7a4cb1821cdcd9d2b488f,YES
c9c161c164ef7fd7c29f6398ca562792,YES
ee82820ccbf6457b9c82dd47f0e9ef0e,YES
276e3c702c014da129dcc47414e5cc2d,YES
eb75956ad112ffb980c33b46e81de722,NO
81c21917e5e070eaf90d6d7a68a5950c,YES
622b5d93a5d6f0177a550109a5cec005,YES
8cb3c038844656722ece25e54f8b2528,YES
03eaaf401b23c29a310bf7766192c24f,YES
d96cec9d3a5df59581922d213c0d42bf,NO
236b801e2941b3b20d6fb46d81def5e9,YES
bfa56283cdeb989bbd6069d793ae9cc2,NO
bf6c32af45674d2db52b0482a553ef1f,YES
64c8c34b40725bf164e2c901b5c89c85,NO
f02eeb4b36c59359a6755ab4e4229ff0,YES
7d397288eab35ae655ad7634d8d8a184,YES
db9b4b84e487dbf2f9c3f344a7c4d106,YES
d1c46f26f913ef6279c56644a7d325c9,YES
4f0a2e54eccfc0587f451258876a099d,YES
55de4924e5558470afe7211a22ec6814,NO
05ad99cf10f8591a148d278e74a5be4e,YES
ca504fd943001a080e9009a703e8375c,YES
85c34305ed506c3052e98b0cd0ec52ea,NO
4401ebc56e84830a300cd2480b307a79,YES
4b999049ca38f0a6074970e5624cc8ed,NO
3c9b8aea469199e29670b76eeaa3de47,NO
939c0c1a90c7581426b620a7a053ba10,NO
d8333d4817ecb014acdf3573dee5a5e8,YES
a6252df7d9658f44cac0b7b0637397f1,YES
ab64dcfd2402ce957370a8b115f69800,NO
dd62ab34477d3330cf1fe4f2388075bf,YES
358e4e071b3f8a990c29732edced48f1,YES
fa8e2cd70a24e8b16c1d2a9cd5e7d8ec,YES
ff23185ac14541f64eff00e34aca492e,NO
3d8bf70a48d635a391c5c7e7ed900757,YES
cd0b7e6deef633f13d4617ff8c73d62c,NO
b16988267fbc7e0d345f1865271b9a2d,NO
f2656669a77b45bff308e5e9ef8d500d,NO
164053491c79c7a9d33cc197ee0dccfe,YES
45a580416f84ef57ea752f0a7663425e,YES
1cfea6c02311cb15234725a6427ff7d8,YES
4f175541c73f27f6e3e37a41be1055b4,YES
925f3af152f723019493d4cfe70164fa,YES
aeed1010bedeb5e530b594f9f54fabf9,YES
ab1936dabad6c3a8787314360cca23f3,NO
2f2515571cc965a5904be3eee53fb0e4,YES
87d5886767e5e459fbe6c170e4f4169d,YES
5b2fb4795c446c79a430f77524fff610,YES
89bb33f60910631c801ecdd2e8276e42,YES
eeb2aec9eb64f5272972ef3000438ad0,YES
3c8ccd9628b2b4c459bd86421101edab,YES
11fe31886e33832d7581c8b4d018bc2a,NO
40e2c6eb69cd6eb21466ad5f73f287ba,NO
0351a79bfae766b3ae8b6a3f871b43ee,YES
ab9bfa9d4b05132fecde94ccbf2ec7b7,NO
ab721f6a0a6954efc37f7ff4c2324a85,YES
bd1418c6518a42c8d26218442a086f0a,YES
3689afbaeb054d939d7a1f2b44f1cab3,YES
3bb5123a1f6f94e384bdac8bfc29e2cf,NO
3076918aa1701c645c2c8331c95a61c6,NO
359eeaed14880d52cb5b2792e96ef5a3,NO
a328c3fd88f1726025bd1c659ea8851c,YES
e78d2452aa6c0e1b9dedde4db0030752,YES
87be19d11e1874689a4c365a830e786c,NO
fddf48e568d3a98ff2ed64e5208f3a01,YES
d17630c76376e1dbd9812a42b7736743,YES
c61775928694ea71aeaabb0a1cd17c71,YES
6242596eefe28cdec132d753669516a1,YES
801ce36c8cca41d8c7d03c87c63795c8,YES
9ddd2ae3462aa2781ced19d00dce86d5,NO
b206b9ea0609adbd796d94c6c28a0eca,YES
820d5a96862d236ea8543c90c7a16c37,NO
01b06f9a06d702db22f9845bba59ee74,NO
5b22e9dfc3607d749ff974af4fa29c70,YES
62c0767179425130d74774035e9bb845,NO
84493140f316c334e5f5453fc2111818,YES
36f1f5d20f0169d6c2f0ad199cebb8aa,YES
7a4aea49a48cf29b9ebbb8714e56bcea,NO
898b8f478e64d2361fc1f5cf96bc625e,NO
d133b01ade541bbe40621e7e83b02bfb,YES
c9e3e5ea46db9b70c09bfbbecf5a1d05,NO
2b63050e72cfcc5b68172c50a6cf3df2,NO
d94091b4b540b00350be7d9598429215,NO
a275e1f53d354ec738f45c3f4a857bf6,NO
508fdbd51e537c6f38eb37d72118e67d,YES
7041fdb26c6cf01af5f47933572bdc21,YES
fd1e95bca0e3d005de67a99b7aaf1c00,YES
41b7a6c1ecab530891afd57061ad97b2,NO
a3244c7b1432271265f06a9dbb91feae,YES
c601f98f8a997d8b727bae94fcc8abc3,YES
5c23e4f4fc2c40cdf6581de46daea55d,NO
e1834e56a0acbe32a0ae1f373e1f0eae,NO
7f441c97052f90112069e19de989e14d,YES
7685268672f267309931b4c205d4701c,NO
dd08d0d5127c9f8ada17920db498a745,NO
3e25486243517fe6157c869b81fba024,YES
7d52f8378d4f23380c80b7da78959c11,YES
0c1c042e3a87fcf813b545bd72f625cf,NO
a532b72cbeab106d28cc0759f1114154,YES
7da428603ddbba6e972c6606d96b0f99,NO
0cb0fa3858b85bb45a3cd2493f81a8b7,YES
1e653cfb2cc5bfc21464207ee22a0f54,YES
d3af8cbb91471372737fe20189f074f3,YES
ff887504f14add5b756e6f89e63e671b,YES
578cc15a28669aec5576634e93f4876b,NO
252d285e6f339dbd7fe95700217d5470,NO
8c55ba8c5369b53e213f8c4c75feb207,NO
eaf9a6a58083965e709f1d706b79629a,YES
bef00ff99e68f94bff32e12908820f6b,YES
036f58e1ab63e68841c6cb8c2f84dd8d,YES
d0180200ea5bb3cfbc379626a2244884,YES
856d728bd03fa1416b2d5289c92bcc20,YES
ac96773262733099567ea386ba4e9e20,YES
550be07277465c71c0fcb69f66275ee0,NO
7198ee7c7fc220a7cf1afd7fd89cbdcd,NO
38e1ae3e431196f872691901734ccdc5,YES
1666c807039e0b52f8e73f5ee3bd79f2,YES
744ec9cbe04931e5f98227f7ac946406,YES
4c5f69550b6b9edcc10e3a8c7b6a05a8,YES
b124273f2fb103294f8789c6d9e1b076,YES
9ae2dc31b9505f0249327d973d543359,NO
397134bca7fffb8cb94b796099cdd725,NO
91321c81bf285c62aab3691bed462f88,YES
6f72a29587d6ba636537b68c23eeddbb,YES
18a789649422e5f742d928b94d4e6d10,YES
d9e7374501900f6262de4e4f3e7d59a0,YES
cbf16abc8bf04b6cf9eaed0226895aeb,NO
b98e3b1f73e214c1258bb62c9135f1dc,YES
8f299ca7f4e19e8d0661a521dafa366e,YES
7afc936ed89a5e2392d6307e494abaed,YES
c6c78faff755de8e11dac045825e3471,NO
24a3ba00a7412bd364c2c13fd67e6f8b,NO
05808e119e85923fe3692a0bb191f8a8,YES
62d16700e307f843d8923b7a6a618f10,YES
3ad195bb3aad3a0226372e2c9dfb90c7,YES
7114c435891e6416428de37345654eaa,YES
d1451382249d9011bb55d7d07bdc09e6,YES
923f89eab73af3324189c8d2ac06099d,YES
eda35d8333f8240339e5d445682bb177,YES
21afc1824a44004501f0316d5fd24971,NO
f6b01aa4ad378a51dbf6c29a01750805,YES
d54efa183dd9ccc660ec5b61a8490f61,YES
6fba021b86b21ef4ed29582dfccd971a,NO
0597df8abc14cf46adc04904d2838383,YES
9b5bb0e306c37a2628ce303920c059cd,NO
425021ff2b03645408fdc96260c7dcc0,NO
ed78b095810226e50b3a2089907968dc,NO
7ed92011843f3a607f044913a9a1a890,YES
155328924a1890d6aa23c358de142fdd,YES
58a028ab586a5fae41f8444bf4ea3d61,NO
2a9bd2e1532213bb1d7365b30e778a88,NO
68d9cbe3f380302de6778b5e795460b6,YES
d3b54a1868aa7eecda53985b63514e84,NO
6da2565f7f41e199839465708957f93d,YES
367c2d5dd02a1d0bda2700f668a188c5,NO
c92faac3f024f20455d667c4de386e73,NO
0e1e4492cafcae743d1807271f5f1856,YES
280c1998df55031ed16256809e0e868d,NO
f800b6ab948ea5a73a176bec1ddfd683,YES
2e718fe4a9e32803cdcd7cc7405eab3a,YES
b8015b233bff52a3cbdaa8f49f350cde,NO
0040c7b9e697bebb8360dc84181836d0,YES
3664a99c9839145b030911188907fae1,NO
586e12ee158d3229b63b179324113c36,NO
a77ff4d0a23ebae5fdcbb25da7f0a499,YES
9ec6c84dc6ac87e924dff92e17a4e701,NO
3e857eb9cc5279bddd37239757b118d5,YES
d77432ef23a1917a787a009ce072f393,YES
2136d1c374c7d2024becb91d61d43e24,YES
737b7639dee69bb833c571943ff8ff3b,YES
8ca81ef95f57f2de6802bd75bde26f0e,YES
c4e65f40bc48549a3855f17d77439c00,YES
47915de7b6ab15924b38ea61331821bf,NO
8293a9f1fa22797f2492891343c0cf88,YES
1f69d7feca93e3a64ec0506d68b51148,NO
1cc3b627d00836c438f4c635ce3730d6,NO
0806f53cb49b98040a525dbcab29b819,NO
d1da33e4fe4e077b83dab240c56b1b99,NO
c1a8f49d38891793cb8de946e469c41a,YES
6143d52966eec132350e1d568df85ba6,YES
9cd842f2236e071893c1c6fa7bfe7642,NO
0d4afb4cfc1b0d01f8ddf85cad4ccc4a,NO
d57a93535ee299866821da635e92c70a,NO
5dddb5f8c8026bc1079bf2faaa72c62f,YES
e1a918f6481d1f93f2100edc194253b9,NO
f2f443589d2fc3158cc39e2e65e26249,NO
c895592e5806bc714c59c299866fc69a,YES
8e3b86906c00b6faaaefa5b842ded8da,NO
cd4ea1a50f590eb77ce631cf0cf791f7,YES
f360a482bf2ff9d5c79730a38d112d17,YES
f032a553d85c903e9ad102fa7eca249c,YES
d0dc07b2f02685af4095e0830c278901,YES
a8919b4c92b5485c9760468a8acd321e,YES
13e853b8290408571877ec5b35308972,NO
c8b7235adcd011e6fde6f8e684e12dbd,YES
8534d0b459560bc237c88a9c01029905,YES
635f31ac2083247c02f6e81b0363daf1,YES
404f8b7da6c700d9c3e8b841003db1ca,NO
09e31db880dc161d3be414ed73f309a0,YES
4c617f080e20ac1d6465f13063be08e1,NO
188755eedc7fa8558692244ce65f866b,YES
55176e4080bce7f0aa31a55d6246f9e3,NO
b536b1757ad0b99520128d7b481a8f90,YES
7bf7859a067cf13329dfb08facb7e91b,NO
c51395c2e701aea9c9234ee1731ec892,NO
3dbc931edcdb9ddbda8c22bf1d566848,NO
009a7500a2fc556208915ac2773b7f67,NO
5f01e8213df6ba9af43bf8e3e1e0ef74,YES
bbb9efd4556c8ae68a9277a5731f894d,YES
04709ea781f297d682f693d4ed0dd9f8,YES
59b32657a993ae5052ab5b2899d1866c,YES
e721bc17f9d86947d9b088c8b9dbd9f3,YES
928afa07c5c6337a7d6d1e6a8ffaba44,NO
80c976ce68d740fd8d613969bb7ab5bb,YES
9ae81e1f9b97201647a2dcb968b6a788,NO
4aaa363d6c9197084c6dd46f1e3b0bd1,NO
0d62c738ef0abb8be510a733e9b02473,NO
a9d46d59790902789bc8167398627bb0,YES
bcf7b29fb8bb5f149f375f668ca7fd6c,YES
f77d9e8a2f9fabe4cbb345cea05beb46,YES
c9360e08164ae531e78a8208ebf3c8ec,NO
f2855cbf26588c7c5b8eca471ba7e484,YES
379b768786493f6c40b44abcdbb7726a,YES
56878d07a0179d5b3b5c0d2ad9d4b2a8,NO
50d0eafa7fd1801bef7532d1a64a35e2,YES
ea50293cc54dc9b6d8f5643254464bb5,YES
e0f3328c1b5c008168d1caf38a48771d,YES
666815a9536acaf426ed909677a37805,YES
fdd4e9211ea157d2540490b211043ea3,YES
eded2af93df11c3f58a385a327ea40f4,YES
808fba4cdedb4a85587b07e07541f251,YES
95eb9fab0b6e6966d0b672548c21f70b,YES
ddcd1134d5662d9a89146e6a1f9b5eac,YES
9a79250c9f4b544a2bdc65e06f63a847,YES
bc2a779dc6f6bb76bc5f6b417eac05cf,NO
1677fef5b3e5a0c64ae19f8c46ecd4e7,YES
7d92588821efcbb9b6165b3c7ad0aa28,YES
2ba20c0743ac733a018653bbe1b0361f,NO
ee376d069322f54e019c1a54326c6af4,YES
d9c701f9522913b17fc5fdd70e45cf8e,YES
4697080a46e313737dd1c2b1a1912cdc,YES
73838d60e9b2be96ade3d9ab5237f256,NO
603d784425a21eeaa9db81bdaaf3f098,YES
17f735dfe9fe324373ff385c6c7fd8d2,NO
da5b076bdb6e074d19829c97ea6259cd,NO
4a895f39351a0de85161a4b2061185a3,YES
0149df9c9df8f9adfff3bf9ab4d72cfa,NO
8a9ae4173fb70ecf9fa4abdb3e9aefc4,YES
624546be127b87781b49b2f8cc8fb5c2,YES
85d8f8e2d2722744ef63817efc6b4aa7,YES
4a67a8e0d3df7e86525c48f6e072e18a,YES
2980a394656a03c35a84965dba24491d,YES
bff3b25556c9614b9afde05f30d32de3,YES
6440d332767fa748406b0d414541a6ad,YES
32c8fe45c94372d7c5518510368f92f0,NO
204716ba7cec55da368f987158500a8f,YES
3a6ed947b1a51e96911b41c34d47293e,YES
28da9664cc586f81192f5780a75098bf,NO
2b7d3eed695aa92e402a036643789091,NO
0a8e00742533d8638d94ed4297dddf32,YES
9c2fa958e154b80ad852a2319973b49e,NO
af1d5f48f18124260c52a61ba1a3ba39,NO
9f159ff3f3245143e7545c5abbbf79e9,NO
3697981019b03384c175a57f01a4e00c,NO
165a4b9ada8308ff627d2f8e727c8880,NO
dd1cc14e891ae39881f20cc2c494429b,YES
716011c6cd9d981a78adf59f9d696307,YES
e458bd40e962e6b4af68e592bde9695d,YES
e171a45475e284081555069bde534e78,NO
7668976629357608ea003f047e8a4a9c,YES
e7355ba1e7898dc4c806d5c428df64d2,YES
b5f80ec4faa913ee1824a9177faa5b10,YES
06ba42eb46b072e63f46f7c7a4b7b81e,YES
29d1d8050121a704997f040555020cae,YES
47f300df0eb56828030053b132a4d87c,YES
234f8bdf5e17417ab1861296e19a31de,NO
58b4a8810b8c50e547bc2d9563dc829c,NO
f4fd4bde6b912eb54a1251e067952931,YES
863853a3b7bac28dcb9a35d76d5951f1,NO
3e8f08b63515360ac322cecc9e23dfed,NO
4f9430f0174e6d92f15b2adba9d480c1,YES
fb95a0feb97faae8cde8983dde2d8bbf,YES
6217f9a971b3436e44e1ec250cd37e78,NO
4a0fb5effc8b7405adf64a0f39130082,NO
264a07babfc3c709bcc49db956006b73,YES
54619b6802caf50bc3bd84a09e33c368,NO
eb1cc4063d9bca6e41b6c8cb37d4ab5b,NO
aac7431a5b4d32f59e0a3575ef0d82d8,YES
999c33d05e8bc61c95dd659495587cf7,YES
8fe46e495e6a9594a9c61ee02e59d676,YES
191c06f4b9cf52bcaf204e3dfb22f366,NO
a5b5fd025d89fed61a54fec705f1c433,YES
624728f5d3a8b13ea16229abca5517fa,NO
004e4d7d9dab8cb3ce1c407383827676,YES
147dd733a3ce092b24bdc3bcaf372a48,NO
3d20d51f1447d6d9e761f07c221f0ef0,NO
23a66c21add96e468df100287e899556,YES
5329ffd4324745d273867c984258bafa,YES
cc7652ba3adb544a297738687d34d0ff,NO
e656db4b22d9b2dba65ba0d41347b392,NO
141614ace668679e0522c5e67000aa16,YES
8cbba8d16015f76be837fb3165142627,NO
8875c5a3b3ffdd381ffad39b48617520,YES
595156aa8035b3ae26bca92043143edc,YES
239227dcedf96f24cda407d0dc1b8b69,NO
2e8d4f0961bbebfcba2f96fd1242ee23,NO
883550803b39c019d63cfa16f1a1ce02,NO
0ad6fa0f998e16dec80657fbe0f8ef5a,YES
0d0dd5ac7d7a99fb24b9dc5c855badeb,YES
9032bae9a7e73c0f241c58ee7c5ec742,NO
4b113e206d7f3748ca2d8fa5e6b94fb3,YES
46b23eb2d49b96f9e105e2f02ae8f42d,NO
d4735cf45e3f5f32de590a2fb4e7a444,NO
256ca77286166b4a5ca10052eaa3ce7a,YES
9970bc0c57214b32b492f7ca2fbb8d86,YES
2116409fe731ce713ba1c869feb9a0c5,YES
1bd0260158cb0655bc9ae6d440e69c97,NO
1d444f5b116be3f9f6dfa86169a6fda2,NO
2c2edfeaa0c27c39135bfe8992bed238,YES
36e9d775a87b0c3e0cc2c7f0fbe3927d,NO
2174016aed98d24609367603f7efe120,YES
838889ec776990393c87fa77b7987be0,NO
9a54cefcce56aa0754ad1abb88d4a4f8,NO
a04758ffe9fcf420556fcb6d7aa285dc,NO
8a7b491bd947d93f2f61da814e0eec15,YES
00e6f4e746b3db46fe1125101883a753,NO
b8c11b9d4edf8a0fcdf24ad0b603b27e,NO
f193d24d55bd12283386111defbd9127,YES
d8357b4b97e8bacedbc32437b7042222,NO
6fe8f5633b76885d571f010bd82b5236,NO
02924adb82803decf82affa0574396dc,NO
fdf768d591c251702230a3c8ca5693fe,YES
a5fb0bdcef4d39f120d30a67052910e0,NO
30efef46115a530e960bdec871e9f0c5,YES
ac246807cbea4b906ac521c933f85b84,YES
f9514ed60b78b55e4c46b4f2cb254203,YES
cc38a36b800e216d389aa1079c3012bd,NO
4927a29a55eaf410b6cd69508e888706,NO
01c7e24d72cd6b8fa4db1788965d6e20,YES
c1da22d857a8e0e022cc52e4158972e4,NO
6f4ba19de3d3edd4c5a575928326ba4c,YES
77cee6b5b3c647afe55a28baa853a755,YES
32acc6bddd31a8232e8bde7bd1c7c1a2,YES
4ae3d1ebc73906337caad07bd1b117d7,NO
db3df67fd14e58a0ad1988601dbcef08,NO
6856938d5b58cd0faf97c8ecdd3b3466,NO
d1362eb6f90a617f20d3a92555dc7c98,YES
71469f8735400b055a55c84e4fee26c4,NO
7d6dda38f6801c06b99d248a35cc3843,YES
ada92f0dbec2b0d0841d9d714b905df9,NO
dc1076228aecb5d0fc5e282ba09c9e39,NO
13c489db120f252c2b84c54e2b3a62a1,YES
d5f72319d84fd6727d506eece09b7e66,YES
c9e31f3d90ee41ed2bc39a46c44caf90,YES
8341a65bd65acbd095d2958de3de7146,YES
47b447af79c22b9db5de28f103b4e893,NO
43394433a960e367784bc8b6e87fcace,YES
2909caedfa6d7a226f204d1b3c97f499,YES
4e1c7f519e4b5f9916763c9969103f57,YES
ff5a0441cb6eae4deea6f4e8c9978c7f,YES
24e6f5bf3e42b03cce46d3bf50a49a1a,YES
7163f0a5a87f27fb629e2b6d42033b86,NO
d081f8d5b2d3a3b6eb9f30511f187463,YES
827003f3a6c35539d059ff23d1d66302,NO
3b466e0d29ad76f635a19ab5f1a4b0ee,NO
18b39bc2fe3ce21f688c1d927906534d,NO
ec8cf1bb0e49001079865500f9e7e5ee,NO
4e96691d469054de0778bd29b80ef92f,YES
807c5994275039f4a79209ae26cc7c21,YES
1adf37bbfacd951a4d38b66a4201826d,YES
18a3ed01e0020433c93e4519cd3b09ae,NO
98f8aadd42df6a6b3ee619602bf5b51f,NO
a709973e1afc0c46ee5b7e320b2dc8fe,YES
4168f58194695e1d2787c5f9d769cafa,NO
791df8dc0714e56aec80be6d6e931737,NO
affae8b0439a5e45a771279d1f892174,NO
f5ee14d1ad7538ead4d0020594df49f6,YES
c313658fcc87dd6537ff48062f784c44,NO
db004421096f66ae02b620b36a4fc0b0,YES
9672281f9ec3fddaaf9a936be64455ec,NO
30825c30801a19b25061003d57537944,YES
9fccd6026af3a7f2b28079c195856d64,YES
aa9488cb6d674af4fd4ac4cf6ad3859c,YES
edbff935954a91a3f96c2d8a2f758462,YES
f7cc37532f0a1aba7984fb25d20b2e7b,NO
ebe7da57197098811a5ec169c422ff26,NO
be19a7ecd3d53ea29e360a01248f8d11,NO
33ad4bfc3f064313603beec66a041659,YES
aedeb98ae9b6839d66853ef900f7726b,YES
1279881e70651a287e391167ecd6a10a,YES
8336708d64083c0d12acc600435c14b1,YES
45d59962855c83e87e7ac4319cbc6347,YES
d64f08e5085e6e768cf14b6bf2db8d62,YES
4eb58b5b2467f840c582e0d0c6dbb536,NO
1ed3f03bcff52e740e46df28316dc03e,NO
04c63633ffa3ca8fe8678ee0de488ead,YES
cd97c0e6ac9988254d2dfb8d2a6dd5ba,YES
5e9f4c28855f2da3a4bc5fcb1abafe6f,YES
20783c6099c75d9a16179fecefaf6233,NO
e90937dec75ab723c4dc3b3cedea92cf,YES
89c87ee8f2efca53726236936a5da96d,YES
3aac7b7e6a2ac71168afea5d0044734e,NO
8b7653fa1d6b013103e07b718a1710e4,NO
6e30c8f85d6ed8e369ade8fd66bbeeac,YES
12bb2311e92ef674cef9ae87f98de1e6,YES
a458facb4741a24ace17c44d64461175,NO
764cd74cb97573bdbfddc53219325282,YES
c00183f85b6433e7d134a10f7d029ce8,NO
baed1aa52898d34a0c948840b7ae73e0,YES
ed0fe171e89514c3b24a1b37bd5361ca,NO
09e82ed282f5c108d0a60daee54b7727,NO
192010b6d42b74c0b129a69eb796ad20,NO
c6c698cb7a57ff1f74634396c7b8e528,YES
86e5d6448fe1753e83b7b0e0ade2c125,YES
e3b33ddce328442f76aaf38fd2c6f099,NO
873cbbfdd12f6b3ddc2f6285696d1539,NO
20c2e3e5431ffa5dcd2bc88920c56d92,YES
dd2ad7c344f9be05761192a9f7e2a805,NO
47dc453fefa9f94bf0d8b0208d11d2ec,NO
ec4570b1c4bb345ee704d0a66bdfc2d2,NO
547c4bb3abbfd5ab9168c3b6d8c42dd0,NO
24391fc2a55cf32fc8d275fa4f49deea,YES
b2d59e1d6fa1c84503320f801ccd2825,YES
51c0f7a12e14d2440d28492ccb7be248,YES
dc9c000fc4832aa134766bd3c90616c5,NO
7d71921f3142a3c7f14d8af1994a6dcf,YES
0a8ff57f057b721ecd461ce98a1a1fd8,NO
4a478fa93f0bb52a67e8676c12070e38,YES
bebb7d3cd343c4111cb1bf7b9094b1ab,NO
feda6e313783bf372a7f7b3afbc222a0,NO
7b2a495d8fba9eb48cd8fa1934802664,YES
b3a7a9a8703478bdd0e80800fed30a51,YES
f38d7393be3e753f517ff34ecbf91a5a,NO
2304627ae76a4fb70ef2b03c4f9d5c09,NO
e366cb94a88c7686fb040151df075763,NO
011b90ff90e63c4a76a2ed604802aa6b,YES
8e6d9b9d60f7680b5046333082ab9b28,NO
220dce3eda3c8f524a562473085b700a,YES
d6ce7c07fc24f5386f003e5e2486bb3f,NO
581c6e7917c4fafbabe5b67b2477f78c,NO
994b7dd33f55b12af63a82683fe793bb,NO
4f8d43e38ef97f8022481297157f96c5,NO
b0b13c26e6513331ec13121a5831cee5,NO
fc64ab14058361b4a8e31f2ec665516a,YES
de41c075cfae430ef2a9d7a6583d0bf4,YES
1d2dae553a35be5bf7c8556b4e903eb6,YES
1855d2ec0e609882d5ee46900c3bae2b,NO
5a5c44bdb2c86e097986a10f99297ef4,NO
e87a7258d0c5bba2916e5027847c4b26,YES
c769898293fa63257286598f84a7f1fb,NO
4a99afa74435aacb8ad9e62f41acc2d3,NO
d9112c3c04fed3f7121e00ca1d307b76,NO
56bca7b9723380868f9815c98167c92d,YES
68a303a9a441adc2b331a038a8a8b0fd,YES
16a08440bfd15097fa865aac8a175626,NO
57a524e0c3000c69a15d61a13cb5a31e,YES
4fc34a65f3a29b69b50f220375dfe26d,NO
2d9d067d202efaa29b00a5ef23cca7f8,NO
57a6d8a2d43fd87400ccd25a012164f9,NO
258da42faa122827f96f924b614e8b78,NO
98457626b93b3ffdcc7d20f52f08282a,YES
9c3a064a577bb972d63860d5ff5cc3ab,NO
bf02b85ea77871ccf448a145e6ffa179,NO
a0a0fe4784dade21e34df90c144497fd,YES
c524a2f1b5cacd3193670f0bd6cbd992,YES
f141a876d80e026242ab6a79b7f316ed,YES
743789ba323f9319bc69efb86b004e4e,NO
2a93f073bdb71af2593dd68d8f59972a,YES
17b02cf4f98ae57ec7a6d7481788e017,YES
418f86477d9dee22c155073c07b9db8b,YES
ae93cef62e58f7b809a5df3c04aebc6c,NO
12545f421d9a2f3f83d197f8512295e1,NO
77560809297e946f91cc609ad23f15fd,YES
ff18e8b60f90eb048ab610fe99053623,YES
a3b12b8c92df75a04707edc3a7b7d7ea,NO
cef62b8ec34709d7fbcefeedb04ffb3d,YES
1608d84715b7a78cbef04ff996e2ecfd,YES
5638a64596c65cff5de56974a0d4ffb4,YES
dada4acd9b253021508c032e593acecb,YES
7269370eed7b694ee239a42078b28a8c,YES
06d3f89b8c4f37887d7d8be9f6180466,YES
d900e501aeae99be37623ff06d6bf3e2,NO
aa61f5a0b09a9298f0cffbf9dec5ed6e,YES
abd2a8c949fa7f89f06c6d7b91fc84d0,YES
d55a299c3b450c01444eef6088ffb128,YES
b1fae759c997e138544c8bb050bd8e41,YES
0b8e6527122902440a066530e9a03c8c,NO
b014841e553c162b9480ca15c9fcb6a4,YES
d20404353fc64513aba12a09ecec71dc,YES
1ec9b5e1404638fa545bbb394092f67a,NO
4d9e26243f63e1e549978df5330c0308,YES
a00856f382a60319f93ccbf7e5fbeee3,YES
f319dc14a177af2dbed371838317420a,YES
da1caf1d5f5bb8f5a2e842114465af2c,YES
5e5cc9bfc8ca25ede8ca13542eb4f7b8,YES
9888d2e7e4c817a9585550cf9cb447c7,NO
cab35a562512191a2f98931230e3b41b,YES
e47b4a406dcbd34d55dd24e23f3a5b2c,YES
b2cb8edbaa2d38bb083a905f0f5e3e33,NO
f3feebc09ae62aa14a65a906795db3e1,YES
caf33358d5f78309b227edc711bcc46b,YES
dc09d97bbb5d8e930d7642602cf502f1,NO
9d6746f8fbc287e8996ed3661a3f0318,YES
3d0bc525bfd73887dd8fb33c71edfe87,YES
536a866e4114356f1bc3a8299d05f3fb,YES
8e581c28630d5f91b3bb5591da590d36,YES
5faf8f50a454ead18a565c7c5307b669,NO
5bd1045bfa6f7c321736b97f6e065585,YES
9cdd8fdf85abf77814ea81aeea08ca06,NO
d1bcd5c584f68e30b5ef03779ddfbcc4,NO
23af6e61812ae20e22e2c352c29bfed7,YES
43f0f229a11b6f047e6e231a006c958d,NO
165edcea7977bb123bd4e12795402c5e,YES
1e6bbf089263bbfc6c39de6c252f37f6,YES
2c392b1707432c9fb870a3a50aa8242a,NO
3d16465c4479625a2745a7d25103b84b,YES
a30906585a7af3776c30e44f5f36387d,YES
10cbce27aaddae55418e1789d0103631,NO
dcb87b3e0fbc6afbcf922bc7bf3237ae,YES
885d94bf735ce4b803b8068627ae1c2a,YES
41e9facd7649158b1a81677b63c1d72a,YES
761537c34b256f6d823c946aa9a74dac,YES
69d387470ff73eb1e76151952f1eebbd,NO
3394fb430c0bf38e3f317c65ad32217e,YES
0059ea91ab811bf22db5c7c68d1bb999,YES
990d549094f2c47b8a1cf698145cb601,NO
96402023423e7bdc5f1804ab9e6042eb,YES
1f790073a82e46895da5ecacb77ab433,YES
e95831672da35f5470320fb36f68fa52,YES
e2d8a44435c44b766f07cc2cb091b3d8,NO
af73648adc10cab112a7c1375cb8190c,YES
69ca7de10e82c06c047bc645d9330ade,YES
80a5260554f20d672c69a63876335eb3,YES
be70393373b58a4016330eef0c9db925,NO
b83a9fea46cfb4edf8e50be94d97f9ba,NO
d0ba35249d38df9e955e5d8e4becd9e1,YES
e4057947ab45df7905a2ab49362efdc5,NO
ece4726d867f6704c6801a92f3fdfabc,NO
84cd23574772d82b05c27a5f5061fd99,NO
f79e7e6d99ed866ae735e52f7a8a0c86,NO
95d2b482b736556ef496363a23f573be,YES
4a782c897a138bf69c367dd23dea5e1d,NO
e36dd6a12cdb5e28504bd3651429acbf,YES
cabab119dfb9ecfd215843e3a6348fee,NO
1525eb29e305ba163c1ddb88900b0b5b,YES
5a22372684adf27b3b916930580e6ee2,YES
628046412c2602b8d2e02cfc35fc8c27,YES
44ebf7627e7bc3bcfa089d02fe444de7,NO
416a3a4d3d36d88fce0bfdab48de4be2,YES
921ad0b4a85ebcdb9025f8e44f8dff0a,YES
3b58944197d40e1393d3b651f9933289,YES
49d958c7fd82c54abb7872ac8a9f67c1,NO
cbb1be86042be03a62de642fa0dc2018,YES
a60a3e42c043eb41ac8220ab50fcec66,YES
0b4e6eae29eb17a3a38e511b0e6f1104,NO
38e7f176dc30006cda7d9b4ac0a55676,YES
072f8ce069ac5499466c4e4d4a10dd94,NO
